Index,SPX,SBW
8/1/14,-0.002863206,0.003135381
8/5/14,-0.009732664,-0.0030059
8/6/14,1.56E-05,0.001576391
8/7/14,-0.005572092,0.001359043
8/8/14,0.011465412,0.003595846
8/12/14,-0.00163796,-0.000628791
8/13/14,0.006684782,0.000769453
8/14/14,0.004336356,0.001488809
8/15/14,-6.14E-05,0.002449479
8/19/14,0.004988198,-0.001735262
8/20/14,0.002474731,-0.002399065
8/21/14,0.002945555,-0.001332518
8/22/14,-0.00199459,-0.001833857
8/27/14,5.00E-05,0.00223669
8/28/14,-0.001691328,-6.97E-06
8/29/14,0.003314912,-0.000223055
9/3/14,-0.000779415,0.000261864
9/4/14,-0.001535626,-0.005035084
9/5/14,0.005023279,0.001006013
9/9/14,-0.006566473,-0.005708105
9/10/14,0.003639443,-0.002355658
9/11/14,0.000881512,-0.000171775
9/12/14,-0.00598045,-0.003465218
9/16/14,0.00745652,-6.75E-05
9/17/14,0.001294822,0.001353691
9/18/14,0.004879238,-0.005131701
9/19/14,-0.000477403,-0.001008819
9/23/14,-0.00579324,0.002386314
9/24/14,0.007801962,-0.001625541
9/25/14,-0.016300884,2.48E-05
9/26/14,0.008539268,-0.00328935
9/30/14,-0.002789812,-0.001855583
10/1/14,-0.013337104,0.001723054
10/2/14,5.14E-06,0.003335879
10/3/14,0.011103646,-0.008413293
10/7/14,-0.015241633,0.005198853
10/8/14,0.017310927,0.00257558
10/9/14,-0.020877821,0.002937132
10/10/14,-0.011517103,-0.003112485
10/14/14,0.00157764,0.002277304
10/15/14,-0.008133321,0.007614607
10/16/14,0.000144957,-0.002667671
10/17/14,0.012801813,-0.002446245
10/21/14,0.019385361,-0.000552081
10/22/14,-0.007326078,-0.003563665
10/23/14,0.012228326,-0.003875609
10/24/14,0.007028685,0.001027601
10/28/14,0.011868342,0.000411446
10/29/14,-0.001386316,-0.000441327
10/30/14,0.00621081,-0.005678454
10/31/14,0.011663102,-0.008865224
11/4/14,-0.002833812,0.006553903
11/5/14,0.005684325,-0.00664207
11/6/14,0.003768396,-0.002535922
11/7/14,0.000349484,-0.00025472
11/11/14,0.00069643,-0.003229348
11/12/14,-0.000701336,0.002369509
11/13/14,0.000529726,-0.000983437
11/14/14,0.000240246,-0.000173375
11/18/14,0.005120799,0.001109344
11/19/14,-0.001502249,-0.002513279
11/20/14,0.00196515,0.00084001
11/21/14,0.005223213,-0.000778808
11/25/14,-0.001150748,0.004544778
11/26/14,0.002802029,0.003257968
12/2/14,0.006364115,-0.006165868
12/3/14,0.00375766,-0.002841627
12/4/14,-0.001162496,0.002831446
12/5/14,0.001663737,-0.008509351
12/9/14,-0.000237857,0.009354712
12/10/14,-0.016486095,0.000764166
12/11/14,0.004525463,-0.002559074
12/12/14,-0.016346465,0.00619519
12/16/14,-0.008525252,0.007019023
12/17/14,0.020148061,-0.004648381
12/18/14,0.023731392,-0.007292175
12/19/14,0.004559676,-0.001106608
12/23/14,0.001744895,-0.005847336
12/30/14,-0.004900607,0.003469424
1/6/15,-0.008933269,0.005151657
1/7/15,0.011562716,-0.006241468
1/8/15,0.017730232,-0.000996568
1/9/15,-0.008439403,0.004050419
1/13/15,-0.002581895,0.000573424
1/14/15,-0.005830024,0.006362034
1/15/15,-0.009290915,-0.004531624
1/16/15,0.013334893,-0.004015852
1/21/15,0.004720492,-0.000759652
1/22/15,0.015154358,-0.00666725
1/23/15,-0.005506737,-0.001409614
1/27/15,-0.013478269,0.006566314
1/28/15,-0.013587496,-0.001136806
1/29/15,0.009489534,-0.002174996
1/30/15,-0.013077094,0.002312166
2/3/15,0.014336212,-0.000930411
2/4/15,-0.004164697,-0.001801297
2/5/15,0.010238806,0.001108721
2/6/15,-0.003424004,-0.008903816
2/10/15,0.010618932,-0.004250797
2/11/15,-2.90E-05,-0.003006565
2/12/15,0.009598319,0.006287987
2/13/15,0.004066455,0.000891814
2/18/15,-0.000314284,-0.000793817
2/19/15,-0.001062631,0.001097649
2/20/15,0.006107796,-0.000155673
2/24/15,0.00275494,0.001111214
2/25/15,-0.000766077,0.003825567
2/26/15,-0.001477063,-0.005545788
2/27/15,-0.002960688,-0.000293063
3/3/15,-0.004548937,-0.001624461
3/4/15,-0.004398161,-0.004825501
3/5/15,0.001195361,-0.000727794
3/6/15,-0.014275342,-0.010919889
3/10/15,-0.017106871,-0.001652326
3/11/15,-0.001919499,-0.002453903
3/12/15,0.012522721,0.002999766
3/13/15,-0.006093213,-0.004643407
3/17/15,-0.00332574,0.000483035
3/18/15,0.012085116,0.00573992
3/19/15,-0.004884498,0.001431534
3/20/15,0.008972345,0.008879639
3/24/15,-0.006158383,-0.000407489
3/25/15,-0.01466595,0.00336634
3/26/15,-0.00238026,-0.003653489
3/27/15,0.002365704,-0.001406558
3/31/15,-0.008834639,-0.001145231
4/1/15,-0.003973278,0.002854331
4/2/15,0.003523443,0.002905667
4/8/15,0.002679026,-0.000878171
4/9/15,0.004447562,-0.006863467
4/10/15,0.005189316,-0.001279256
4/14/15,0.001628358,0.008949296
4/15/15,0.005135087,-0.002273142
4/16/15,-0.000778798,0.003670776
4/17/15,-0.011375676,0.003304715
4/21/15,-0.001481768,-0.001958178
4/22/15,0.00507462,-0.002604458
4/23/15,0.002354955,0.003282832
4/24/15,0.002250262,0.004723712
4/28/15,0.002765363,0.003728783
4/29/15,-0.00374739,0.00069141
4/30/15,-0.010180511,-0.002429059
5/1/15,0.010863763,-0.003287252
5/6/15,-0.004465653,0.003587042
5/7/15,0.003766664,-0.002599152
5/8/15,0.013368102,0.002374687
5/12/15,-0.002954015,-0.000109957
5/13/15,-0.000304936,0.004444986
5/14/15,0.010721549,0.001366265
5/15/15,0.000768174,0.006755351
5/19/15,-0.000643641,-0.009427531
5/20/15,-0.000930959,-0.002147234
5/21/15,0.00233516,0.001799239
5/22/15,-0.002236381,-0.004603842
5/27/15,0.009120905,-0.001252245
5/28/15,-0.001267592,0.000106456
5/29/15,-0.006338446,0.003669768
6/2/15,-0.001009161,0.003609182
6/3/15,0.002116643,-0.001398478
6/4/15,-0.008660572,0.000805014
6/5/15,-0.001437211,-0.011163353
6/9/15,0.000418327,0.001988822
6/10/15,0.011970468,0.003432498
6/11/15,0.001737043,-0.000431402
6/12/15,-0.007018875,0.002528186
6/16/15,0.005673679,0.001196628
6/17/15,0.001977731,-0.000865914
6/18/15,0.009853977,0.009225158
6/19/15,-0.005317615,0.000342014
6/23/15,0.000635735,-0.009268882
6/24/15,-0.007380526,-0.000380387
6/25/15,-0.002977995,0.000834043
6/26/15,-0.000390123,-0.004450592
6/30/15,0.002654858,0.00103925
7/1/15,0.006912186,-0.005677666
7/2/15,-0.000308122,-0.001552638
7/7/15,0.006062523,-0.00023813
7/8/15,-0.016792949,0.00718058
7/9/15,0.002259645,-0.003636991
7/10/15,0.012262959,-0.002293983
7/14/15,0.004443343,0.001046905
7/15/15,-0.000735233,0.000186757
7/16/15,0.007982669,-0.001301505
7/17/15,0.001105641,0.000312017
7/21/15,-0.004270764,0.002774897
7/22/15,-0.002390537,0.000194924
7/23/15,-0.00569221,0.003329918
7/24/15,-0.01076102,0.001806221
7/28/15,0.012310022,-0.003013082
7/29/15,0.007292111,-0.001043259
7/30/15,2.85E-05,-0.003474529
7/31/15,-0.002274201,0.007241175
8/4/15,-0.002252253,-0.000869677
8/5/15,0.003109829,-0.008949991
8/6/15,-0.007783182,0.002335912
8/7/15,-0.002879028,0.004190663
8/11/15,-0.00960313,0.005248719
8/12/15,0.000949613,0.007570949
8/13/15,-0.001275951,-0.005560116
8/14/15,0.003904262,-0.000802999
8/18/15,-0.002628974,-0.002512446
8/19/15,-0.008289225,0.001799498
8/20/15,-0.021325899,0.007641583
8/21/15,-0.03236926,0.006133722
8/25/15,-0.013614263,-0.013496396
8/26/15,0.038291287,-0.00020116
8/27/15,0.024007242,-0.009364403
8/28/15,0.000608571,-0.000342358
9/2/15,0.018127666,-0.002225438
9/3/15,0.001164106,-0.002321624
9/4/15,-0.015448291,0.004953012
9/9/15,-0.013995039,-0.002732206
9/10/15,0.005264076,0.001765375
9/11/15,0.004477002,0.003429001
9/15/15,0.01274972,-0.004552367
9/16/15,0.008667694,-0.00014981
9/17/15,-0.002564291,0.001589028
9/18/15,-0.01629627,0.009794386
9/22/15,-0.01239494,0.001883993
9/23/15,-0.002050754,-0.001787505
9/24/15,-0.003368642,0.007815644
9/25/15,-0.000465889,-0.009140066
9/29/15,0.001232122,0.001519018
9/30/15,0.018895865,-0.001609045
10/1/15,0.001971982,0.003410475
10/2/15,0.014213773,0.005797265
10/6/15,-0.003594687,0.001633822
10/7/15,0.008003564,-0.000194263
10/8/15,0.008779731,0.000851133
10/9/15,0.000724868,0.001767282
10/13/15,-0.006848814,-0.000270484
10/14/15,-0.004727455,0.006621916
10/15/15,0.014743554,-0.000842652
10/16/15,0.004560061,-0.001394763
10/20/15,-0.001422094,-0.001977498
10/21/15,-0.00584241,0.001921091
10/22/15,0.016490813,-0.00421571
10/23/15,0.010970006,-0.00678098
10/27/15,-0.002557367,0.002953669
10/28/15,0.01177039,-0.000627306
10/29/15,-0.000449787,-0.008754792
10/30/15,-0.004821575,0.004939514
11/3/15,0.002724358,-0.004475047
11/4/15,-0.003551676,-0.004705241
11/5/15,-0.001132729,-0.001326646
11/6/15,-0.000347691,-0.011836835
11/10/15,0.001509507,0.000992222
11/11/15,-0.003233321,0.002721426
11/12/15,-0.014089149,0.001177901
11/13/15,-0.011270674,0.001149631
11/17/15,-0.001340277,-0.002296819
11/18/15,0.016033164,0.000517956
11/19/15,-0.001123698,0.006343816
11/20/15,0.003802988,-0.002108749
11/24/15,0.001221343,0.002254768
11/25/15,-0.000129248,-0.000803524
12/1/15,0.010623952,0.004093385
12/2/15,-0.011056653,-0.002523294
12/3/15,-0.014477879,0.001871105
12/4/15,0.020317942,0.001664527
12/8/15,-0.006511062,0.00113017
12/9/15,-0.007769041,0.004946018
12/10/15,0.002248864,-7.47E-05
12/11/15,-0.019613875,0.004773669
12/15/15,0.010562534,-0.007989875
12/16/15,0.014410619,-0.000378155
12/17/15,-0.015154751,-0.002870675
12/18/15,-0.017957512,0.005407222
12/22/15,0.008778122,-0.000528922
12/23/15,0.012341563,-0.004237797
12/30/15,-0.007243399,7.91E-05
1/5/16,0.00201024,-0.001986405
1/6/16,-0.013202187,0.003927411
1/7/16,-0.023985794,0.002579724
1/8/16,-0.01089757,0.003992794
1/12/16,0.007772509,-0.001365793
1/13/16,-0.025282363,0.002226881
1/14/16,0.016558094,-0.001872278
1/15/16,-0.021835767,0.007570779
1/20/16,-0.011762766,0.004310851
1/21/16,0.00518197,-0.003695662
1/22/16,0.020080709,-0.001988478
1/26/16,0.014045212,0.002948445
1/27/16,-0.010922894,0.000343442
1/28/16,0.005513333,0.003515563
1/29/16,0.024458648,-0.003121776
2/2/16,-0.018920982,0.00315536
2/3/16,0.00497962,0.011500783
2/4/16,0.001525609,0.005348502
2/5/16,-0.01865421,-0.001338944
2/9/16,-0.000663851,0.007710393
2/10/16,-0.000188981,-0.003121823
2/11/16,-0.012377431,0.011563422
2/12/16,0.019329975,-0.009339764
2/17/16,0.016346115,-0.001559286
2/18/16,-0.004676637,0.003712895
2/19/16,-2.61E-05,0.001822066
2/23/16,-0.012532588,0.001790943
2/24/16,0.004429945,0.002923764
2/25/16,0.011284417,-0.000733894
2/26/16,-0.001871915,-0.007986596
3/1/16,0.023588388,-0.003496295
3/2/16,0.004085962,-0.002585258
3/3/16,0.003492597,0.005536654
3/4/16,0.003300457,0.000692314
3/8/16,-0.011303756,0.009485885
3/9/16,0.005039673,-0.007239432
3/10/16,0.000155825,0.000804596
3/11/16,0.016262548,0.000825227
3/15/16,-0.00183865,-0.000167448
3/16/16,0.005584769,-0.001114471
3/17/16,0.006573585,0.018057243
3/18/16,0.004395912,0.001817893
3/22/16,-0.000877749,-0.001732136
3/23/16,-0.006406467,-0.003168887
3/24/16,-0.000378132,-0.001555384
3/30/16,0.004340908,0.008350232
3/31/16,-0.002041861,0.001405864
4/1/16,0.00631094,-0.001328801
4/5/16,-0.010196377,0.001511061
4/6/16,0.010452862,-0.000541189
4/7/16,-0.012048133,0.006073514
4/8/16,0.002782731,0.000114593
4/12/16,0.009615763,-0.005748208
4/13/16,0.009990093,-0.002867156
4/14/16,0.000172861,-0.001617559
4/15/16,-0.000984746,0.00353158
4/19/16,0.003079757,0.000433225
4/20/16,0.000761325,-0.001003477
4/21/16,-0.0052076,-0.004937964
4/22/16,4.78E-05,-0.006862505
4/26/16,0.001871042,0.000969217
4/27/16,0.001648017,-6.88E-05
4/28/16,-0.009273711,0.008570527
4/29/16,-0.005075945,0.007945905
5/4/16,-0.005954583,-0.003007638
5/5/16,-0.000238922,-0.002530865
5/6/16,0.003169606,0.002217011
5/10/16,0.012406388,-0.001207395
5/11/16,-0.009607555,0.002866511
5/12/16,-0.00016955,-0.002452832
5/13/16,-0.008514375,-0.003654515
5/17/16,-0.009455887,0.000889105
5/18/16,0.000205136,-0.006425079
5/19/16,-0.003713611,-0.003214698
5/20/16,0.006001445,-0.000576153
5/24/16,0.013588628,-0.001250024
5/25/16,0.006950539,4.59E-05
5/26/16,-0.000210494,0.0041866
5/27/16,0.004277714,-0.002514131
6/1/16,0.001129569,0.003599826
6/2/16,0.002820729,0.002910294
6/3/16,-0.002916002,0.0133358
6/7/16,0.001288629,0.001853985
6/8/16,0.003303991,0.003298816
6/9/16,-0.001719171,-0.000424562
6/10/16,-0.009217574,-0.000811075
6/14/16,-0.00180051,-0.002003646
6/15/16,-0.001842376,0.002614896
6/16/16,0.003128098,0.002134291
6/17/16,-0.003263275,0.000328029
6/21/16,0.002708437,-0.003126708
6/22/16,-0.001652952,7.92E-05
6/23/16,0.013275511,-0.00046745
6/24/16,-0.036580777,0.003172001
6/28/16,0.017614158,0.002863043
6/29/16,0.016889217,0.003554938
6/30/16,0.013473821,9.44E-05
7/1/16,0.001946781,0.002635505
7/6/16,0.00533872,1.20E-05
7/7/16,-0.000871921,-0.000194773
7/8/16,0.015138186,0.000977401
7/12/16,0.006984851,-0.005923539
7/13/16,0.000134741,0.004005368
7/14/16,0.005245391,-0.004571916
7/15/16,-0.000929375,-0.006350304
7/19/16,-0.001436268,-0.002818624
7/20/16,0.004261213,-0.001555792
7/21/16,-0.003619025,0.000137014
7/22/16,0.004543577,-0.000856959
7/26/16,0.000322755,0.003684216
7/27/16,-0.001199329,0.001020867
7/28/16,0.00160493,0.005222847
7/29/16,0.001629962,0.010555175
8/2/16,-0.006381914,0.00181796
8/3/16,0.003129038,-0.002372819
8/4/16,0.000212567,0.001398259
8/5/16,0.008566644,-0.005759497
8/9/16,0.000389673,0.004708249
8/10/16,-0.002868797,0.006204485
8/11/16,0.004723393,-0.000982226
8/12/16,-0.000796368,0.001908393
8/16/16,-0.005494142,0.001580863
8/17/16,0.001866815,0.001365526
8/18/16,0.002197179,0.004419136
8/19/16,-0.001441354,-0.002758529
8/23/16,0.001949863,0.001402876
8/24/16,-0.005254073,-0.003986686
8/25/16,-0.001366174,0.000303835
8/26/16,-0.001580096,-0.000605501
8/31/16,-0.002378615,-0.003094872
9/1/16,-4.15E-05,0.001737469
9/2/16,0.0041923,-0.004992202
9/7/16,-0.000146365,0.002860502
9/8/16,-0.002225551,-0.003784149
9/9/16,-0.024827748,-0.010585117
9/13/16,-0.014941739,-0.002143343
9/14/16,-0.000587849,-0.000499422
9/15/16,0.010058521,0.000289896
9/16/16,-0.003779382,-0.002341963
9/20/16,0.000299144,0.001898118
9/21/16,0.010857951,0.000846673
9/22/16,0.006478837,0.007790781
9/23/16,-0.005753297,-0.001072515
9/27/16,0.006423572,-0.000233734
9/28/16,0.005282491,-0.000234512
9/29/16,-0.009365019,-0.001591505
9/30/16,0.007936329,-0.000410742
10/4/16,-0.0049679,-0.006834885
10/5/16,0.004287491,-0.004258442
10/6/16,0.000481426,-0.003550218
10/7/16,-0.003258774,0.000381807
10/11/16,-0.012524609,-0.004689551
10/12/16,0.001145955,-0.003612168
10/13/16,-0.003104131,0.003908029
10/14/16,0.000201616,-0.004591562
10/18/16,0.00614146,0.001521481
10/19/16,0.0021896,0.001752578
10/20/16,-0.001376694,-0.002469606
10/21/16,-8.41E-05,-0.00160636
10/25/16,-0.00380488,-0.001391453
10/26/16,-0.001741937,8.86E-05
10/27/16,-0.002991246,-0.005816525
10/28/16,-0.00311308,-0.001284006
11/1/16,-0.006810051,0.002750121
11/2/16,-0.00654687,0.008128853
11/3/16,-0.004433199,-0.000883659
11/4/16,-0.00166753,0.002723442
11/8/16,0.00376486,-0.001106364
11/9/16,0.011016143,-0.007229687
11/10/16,0.001948859,-0.013169922
11/11/16,-0.001398915,-0.003152055
11/15/16,0.007452982,0.000915974
11/16/16,-0.001583539,-0.003515003
11/17/16,0.004665389,-0.000329101
11/18/16,-0.002389553,-0.009112751
11/22/16,0.002163087,-0.001049438
11/23/16,0.000807685,-0.007924752
11/29/16,0.001334429,0.00103595
11/30/16,-0.002656997,-0.004287448
12/1/16,-0.003521732,-0.003951047
12/2/16,0.000396986,0.005897741
12/6/16,0.003405076,0.000410696
12/7/16,0.013077306,0.003594002
12/8/16,0.002157085,-0.00919978
12/9/16,0.005921379,-0.006233011
12/13/16,0.006518479,0.003340033
12/14/16,-0.008150321,0.002737874
12/15/16,0.003875708,-0.019375567
12/16/16,-0.001752174,0.001228942
12/20/16,0.003630921,-0.004180006
12/21/16,-0.002460351,0.004005911
12/22/16,-0.001864724,-0.000246704
12/29/16,-0.000293387,0.007458673
1/4/17,0.005705998,0.003838269
1/5/17,-0.000770968,0.009475781
1/6/17,0.003510798,-0.004572553
1/10/17,0,0.00337867
1/11/17,0.002825569,-0.006307135
1/12/17,-0.002147057,0.012947565
1/13/17,0.001848153,-0.004492799
1/18/17,0.0017622,-0.002706305
1/19/17,-0.003615859,-0.01014016
1/20/17,0.003360532,0.001169206
1/24/17,0.006543089,-0.001236703
1/25/17,0.007994032,-0.004050274
1/26/17,-0.000735574,-0.006274515
1/27/17,-0.000866844,0.001560906
1/31/17,-0.000890396,0.007780222
2/1/17,0.000298349,-0.005096777
2/2/17,0.000570125,0.004811254
2/3/17,0.007238574,-0.001207403
2/7/17,0.000226795,-0.000384912
2/8/17,0.00069315,0.004934058
2/9/17,0.005735979,-0.003346144
2/10/17,0.003559715,-0.004078301
2/14/17,0.003999294,-0.004095717
2/15/17,0.004979922,-0.001063794
2/16/17,-0.000864479,0.008470171
2/17/17,0.001677174,-0.000163237
2/22/17,-0.001082865,0.002120225
2/23/17,0.000418903,0.00594206
2/24/17,0.001492238,0.002723767
2/28/17,-0.002581661,0.001019459
3/1/17,0.013581182,-0.011033354
3/2/17,-0.0058771,-0.003454283
3/3/17,0.000503668,0.000914197
3/7/17,-0.002917556,-0.001756945
3/8/17,-0.002286865,-0.005169359
3/9/17,0.000799518,-0.001650602
3/10/17,0.003263348,0.000969273
3/14/17,-0.003384741,-0.000176526
3/15/17,0.008339854,0.00305376
3/16/17,-0.001627981,0.006797961
3/17/17,-0.001315228,0.001297593
3/21/17,-0.012485615,0.004700872
3/22/17,0.001888132,0.003943451
3/23/17,-0.001060836,-0.000913286
3/24/17,-0.000844361,0.00152742
3/28/17,0.007225317,-0.000422191
3/29/17,0.001084815,-0.004294277
3/30/17,0.002930737,-0.000864897
3/31/17,-0.002257557,-0.002038015
4/4/17,0.000559441,0.001706638
4/5/17,-0.003059553,-0.001493093
4/6/17,0.001927634,0.001151843
4/7/17,-0.000827493,-0.001032683
4/11/17,-0.001434958,0.00569301
4/12/17,-0.003766996,0.000922819
4/13/17,-0.006838028,0.002759053
4/19/17,-0.001717817,-0.00073044
4/20/17,0.00752878,0.00032962
4/21/17,-0.003039626,-0.002661686
4/25/17,0.006072128,-0.002235457
4/26/17,-0.000485756,-0.003138898
4/27/17,0.000552738,0.001873097
4/28/17,-0.001914951,0.000702113
5/3/17,-0.001272153,-0.000187798
5/4/17,0.000581876,-0.001417937
5/5/17,0.004080351,0.00171311
5/9/17,-0.001025791,-0.005435616
5/10/17,0.001129979,0.000403192
5/11/17,-0.002165176,-0.000611517
5/12/17,-0.001479519,0.005189271
5/16/17,-0.000687072,0.005112842
5/17/17,-0.018345513,0.00886359
5/18/17,0.003680063,0.000268585
5/19/17,0.006744699,0.001578034
5/23/17,0.001836226,-0.000938406
5/24/17,0.002486046,-0.003025847
5/25/17,0.004432039,0.002350049
5/26/17,0.000310502,0.000901469
5/31/17,-0.000460131,0.003165693
6/1/17,0.007542592,-0.003083803
6/2/17,0.003700871,0.004509486
6/6/17,-0.002782901,0.004226522
6/7/17,0.001567105,-0.000440578
6/8/17,0.000267109,-0.003331815
6/9/17,-0.000830326,-0.002293277
6/13/17,0.004501275,0.000172611
6/14/17,-0.000996255,0.007656911
6/15/17,-0.002242126,-0.009321219
6/16/17,0.000283623,0.001770407
6/20/17,-0.006719188,-0.001189377
6/21/17,-0.000582846,0.001266405
6/22/17,-0.000455842,0.001405898
6/23/17,0.001559679,0.001678649
6/27/17,-0.00810551,-0.002261792
6/28/17,0.008769477,0.002263948
6/29/17,-0.008637221,-0.002238663
6/30/17,0.001532074,-0.00200979
7/6/17,-0.009412971,-0.001172493
7/7/17,0.006382741,-0.002968467
7/11/17,-0.000783027,-0.000385583
7/12/17,0.007279063,0.005649274
7/13/17,0.001872798,-0.001390134
7/14/17,0.00466264,0.004385749
7/18/17,0.000597591,0.007101119
7/19/17,0.00535827,-0.000880133
7/20/17,-0.00015362,0.003372429
7/21/17,-0.000367975,0.0034885
7/25/17,0.002918919,-0.003741298
7/26/17,0.000282545,-0.000677493
7/27/17,-0.000973099,0.002315746
7/28/17,-0.001342087,0.0037826
8/1/17,0.002446101,0.003873938
8/2/17,0.000492539,0.000615557
8/3/17,-0.002185979,0.002720528
8/4/17,0.001887254,-0.007102773
8/8/17,-0.002417356,-0.002752262
8/9/17,-0.000363714,0.003773628
8/10/17,-0.014580194,0.002313165
8/11/17,0.001274713,0.002498631
8/15/17,-0.00049894,-0.006395227
8/16/17,0.001419096,-2.55E-05
8/17/17,-0.015557303,0.003749537
8/18/17,-0.00183707,0.003073147
8/22/17,0.00989174,-0.004359072
8/23/17,-0.003459582,0.003237664
8/24/17,-0.002076589,-0.001217167
8/25/17,0.00167144,0.003091932
8/30/17,0.004604516,-0.007168643
8/31/17,0.005704749,0.000303684
9/1/17,0.001980519,-0.001274303
9/6/17,0.003123866,-9.64E-05
9/7/17,-0.000178476,0.005379708
9/8/17,-0.001489893,0.00127565
9/12/17,0.003358354,-0.005654424
9/13/17,0.00075678,-0.003446285
9/14/17,-0.001101324,-0.002021803
9/15/17,0.001845532,0.002605243
9/19/17,0.001109665,0.000561031
9/20/17,0.000634112,0.000662363
9/21/17,-0.003050609,-0.005004513
9/22/17,0.000647635,0.002928704
9/26/17,7.21E-05,-0.005056894
9/27/17,0.004076842,-0.005197353
9/28/17,0.001203883,0.000992706
9/29/17,0.003698244,0.001966723
10/3/17,0.002156527,-0.000224836
10/4/17,0.001245978,0.000734213
10/5/17,0.005630873,-0.002190036
10/6/17,-0.001074215,-0.001113518
10/10/17,0.002319754,0.004498233
10/11/17,0.001801845,0.000103647
10/12/17,-0.001688154,0.001012389
10/13/17,0.000877726,0.002983445
10/17/17,0.000672269,-0.002283815
10/18/17,0.000742098,-0.001987169
10/19/17,0.00032791,0.004096307
10/20/17,0.005103849,-0.006897298
10/24/17,0.001616639,-0.001959518
10/25/17,-0.004673963,0.001238639
10/26/17,0.001270139,-0.003458604
10/27/17,0.008040545,-0.002263523
10/31/17,0.00094404,0.000679463
11/1/17,0.001590806,-0.001691546
11/2/17,0.000189952,0.002708647
11/3/17,0.003092293,-0.002549408
11/7/17,-0.000189125,0.001205955
11/8/17,0.001442618,0.000793023
11/9/17,-0.003769072,-0.001249134
11/10/17,-0.000898021,-0.000182652
11/14/17,-0.002312292,0.003396403
11/15/17,-0.005540999,0.003687044
11/16/17,0.00816274,-0.00071346
11/17/17,-0.002629496,0.0017603
11/21/17,0.006519786,0.000451008
11/22/17,-0.000750562,0.004639137
11/28/17,0.009800287,-0.00268879
11/29/17,-0.000369305,-0.002734196
11/30/17,0.008157583,0.002662198
12/1/17,-0.002026542,-0.000171953
12/5/17,-0.003746439,-6.23E-06
12/6/17,-0.000114094,0.000409069
12/7/17,0.002928082,-0.001719553
12/8/17,0.005491195,-0.002723474
12/12/17,0.00154768,-0.003771056
12/13/17,-0.000473065,0.002977589
12/14/17,-0.004079135,0.002240412
12/15/17,0.008934295,-0.000316535
12/19/17,-0.00323552,-0.005097172
12/20/17,-0.000828247,-0.000497424
12/21/17,0.001983662,-0.000703136
12/28/17,0.001832348,0.000847569
1/3/18,0.006378433,0.000252278
1/4/18,0.004020568,0.00125087
1/5/18,0.007009178,-0.00199009
1/9/18,0.001302055,-0.003464593
1/10/18,-0.001112825,0.002616692
1/11/18,0.007008997,0.001549054
1/12/18,0.006726951,0.004407402
1/17/18,0.009370957,0.000103196
1/18/18,-0.001617687,-0.00137957
1/19/18,0.004375641,-8.37E-05
1/23/18,0.002172036,0.003294216
1/24/18,-0.000560188,0.004544456
1/25/18,0.000602453,0.005079384
1/26/18,0.011771597,-0.003281427
1/30/18,-0.010958608,0.001449391
1/31/18,0.000488821,0.00199512
2/1/18,-0.000648271,-0.001245239
2/2/18,-0.021436645,-0.006103512
2/6/18,0.017290591,0.000385547
2/7/18,-0.005014145,-0.003017359
2/8/18,-0.038259085,-0.00259338
2/9/18,0.014825627,0.000982506
2/13/18,0.002609544,0.00418665
2/14/18,0.013313461,0.001899408
2/15/18,0.011996836,0.003887752
2/16/18,0.000373392,0.001372471
2/21/18,-0.00551169,-0.002160222
2/22/18,0.000973121,0.001729238
2/23/18,0.015901246,0.002060774
2/27/18,-0.012788287,-0.004194204
2/28/18,-0.011157824,0.001274706
3/1/18,-0.013413908,0.000355268
3/2/18,0.005058756,0.005603757
3/6/18,0.002635318,0.001516866
3/7/18,-0.000483967,0.000728255
3/8/18,0.004453177,-0.001435708
3/9/18,0.017229512,-0.00258946
3/13/18,-0.006383925,0.003183146
3/14/18,-0.005740942,0.001201531
3/15/18,-0.000782272,-0.000799484
3/16/18,0.001702023,-0.00164629
3/20/18,0.001480701,-0.003243295
3/21/18,-0.001845688,-0.000387249
3/22/18,-0.02548489,0.006789027
3/23/18,-0.021189833,0.003007101
3/27/18,-0.017427312,-0.001284942
3/28/18,-0.002920874,-0.001756453
3/29/18,0.013675733,-0.000959274
4/4/18,0.011500106,0.000995758
4/5/18,0.006839366,-0.006265203
4/6/18,-0.022164023,0.003298652
4/10/18,0.016588521,0.000518765
4/11/18,-0.005540619,0.003345036
4/12/18,0.00821688,-0.004555357
4/13/18,-0.002890822,6.96E-05
4/17/18,0.010605144,0.000597787
4/18/18,0.00083102,-0.000346936
4/19/18,-0.005742578,-0.003717096
4/20/18,-0.00857318,-0.005769089
4/24/18,-0.013470896,-0.001692341
4/25/18,0.001835433,-0.002741715
4/26/18,0.010380129,-0.000124293
4/27/18,0.001113016,0.001350268
5/1/18,0.002545802,-0.004697496
5/2/18,-0.007231903,-0.002119081
5/3/18,-0.00225624,0.002920552
5/4/18,0.012729832,-0.001299811
5/9/18,0.009635604,-0.000972015
5/10/18,0.009327001,0.001351685
5/11/18,0.001706175,0.002953095
5/15/18,-0.00686568,-0.008235297
5/16/18,0.004052336,-0.002827738
5/17/18,-0.00085621,-0.001957135
5/18/18,-0.002635698,0.000398245
5/22/18,-0.003140664,0.001635334
5/23/18,0.003243109,0.001304168
5/24/18,-0.002025252,0.004367732
5/25/18,-0.002360028,-0.00138824
5/30/18,0.012615912,0.000265714
5/31/18,-0.006903337,0.004262197
6/1/18,0.010790764,-0.003503645
6/5/18,0.000702371,-0.001569078
6/6/18,0.008530883,-0.001055694
6/7/18,-0.000714451,0.001114423
6/8/18,0.003121061,-0.000841158
6/12/18,0.001741832,-0.001336177
6/13/18,-0.004034177,-1.20E-05
6/14/18,0.002468462,-0.001254752
6/15/18,-0.001017592,-0.000299445
6/19/18,-0.00403155,0.000522387
6/20/18,0.001710697,-0.000770176
6/21/18,-0.006365708,0.001192795
6/22/18,0.001860249,0.001200109
6/26/18,0.002202154,-0.001828004
6/27/18,-0.008641521,-0.0011516
6/28/18,0.006159615,-0.000539539
6/29/18,0.000758094,0.004223295
7/3/18,-0.004959633,0.002927129
7/6/18,0.008445532,0.002422855
7/10/18,0.00346719,-0.002759511
7/11/18,-0.007119462,0.000270981
7/12/18,0.008710985,-0.002834774
7/13/18,0.001078649,0.00043401
7/17/18,0.003965783,-0.000707838
7/18/18,0.002158158,-0.002196763
7/19/18,-0.003960782,-0.000563676
7/20/18,-0.000948929,0.003245284
7/24/18,0.004769547,0.001313013
7/25/18,0.009060376,0.000315663
7/26/18,-0.003036858,-0.002222618
7/27/18,-0.00658388,-0.000232383
7/31/18,0.004872858,0.000191419
8/1/18,-0.001040917,-0.004383633
8/2/18,0.004914398,-0.001772674
8/3/18,0.004633387,0.001612568
8/7/18,0.002820185,0.000536475
8/8/18,-0.000262414,0.000411381
8/9/18,-0.001442759,-1.66E-05
8/10/18,-0.007139295,-0.002212814
8/14/18,0.00636892,-0.001943133
8/15/18,-0.007631264,-0.000942662
8/16/18,0.007888277,0.001992995
8/17/18,0.003317627,0.001204994
8/21/18,0.002066431,0.002848077
8/22/18,-0.000398269,0.002254494
8/23/18,-0.001692663,-0.002635767
8/24/18,0.006179719,0.001418232
8/29/18,0.005685236,-0.001819329
8/30/18,-0.004440118,0.00019113
8/31/18,0.000134421,0.000411868
9/5/18,-0.002807107,0.001922015
9/6/18,-0.003658974,0.003024074
9/7/18,-0.002215757,-0.003641339
9/11/18,0.003732862,-0.002647545
9/12/18,0.000356598,0.002581429
9/13/18,0.005268349,0.000645013
9/14/18,0.000275427,-0.002034045
9/18/18,0.00535465,-0.001407431
9/19/18,0.001252525,-0.002337155
9/20/18,0.007809997,0.003059717
9/21/18,-0.000368574,0.000162071
9/25/18,-0.001305928,-0.001781656
9/26/18,-0.00329467,0.000557907
9/27/18,0.002759466,-0.002488277
9/28/18,-6.86E-06,-0.003243191
10/2/18,-0.000396715,-0.000109195
10/3/18,0.00071124,-0.003400216
10/4/18,-0.008203069,-0.003023586
10/5/18,-0.005543301,-0.002025258
10/9/18,-0.001418964,0.000238912
10/10/18,-0.033416334,0.002508731
10/11/18,-0.020787647,0.003787497
10/12/18,0.014106321,0.000403232
10/16/18,0.02126787,0.000550689
10/17/18,-0.000252708,-0.001611194
10/18/18,-0.014496515,-0.003084637
10/19/18,-0.000361235,-0.000325769
10/23/18,-0.005527097,0.002004988
10/24/18,-0.031350832,-0.001433016
10/25/18,0.018453729,-3.03E-05
10/26/18,-0.017479091,0.003998374
10/30/18,0.015545367,-0.002887168
10/31/18,0.010792839,-0.002321954
11/1/18,0.010502453,0.003600498
11/2/18,-0.0063367,-0.002894551
11/6/18,0.006239827,-0.000417443
11/7/18,0.020987099,0.002006384
11/8/18,-0.002512135,-0.003225706
11/9/18,-0.009241562,-0.001011666
11/13/18,-0.001483004,0.00135161
11/14/18,-0.007596243,0.001294666
11/15/18,0.01053808,0.001569626
11/16/18,0.002220813,0.00418722
11/20/18,-0.018317962,-0.001525659
11/21/18,0.003038654,-0.000830244
11/27/18,0.003256395,-0.001986918
11/28/18,0.022714008,-0.0010606
11/29/18,-0.002200109,0.006665648
11/30/18,0.008152204,-0.002211298
12/4/18,-0.032900209,0.004227033
12/7/18,-0.023596383,-9.47E-06
12/11/18,-0.000356432,-0.00287911
12/12/18,0.005404856,0.001536744
12/13/18,-0.000199939,-0.001637363
12/14/18,-0.019271179,-0.000374495
12/18/18,8.64E-05,0.003017699
12/19/18,-0.015515478,0.004003888
12/20/18,-0.015897793,0.001567715
12/21/18,-0.020803201,-0.000642668
12/28/18,-0.001242319,0.002070238
1/3/19,-0.025068276,0.006317572
1/4/19,0.033759378,-0.001838898
1/8/19,0.009648598,-0.00275688
1/9/19,0.004089652,0.003378364
1/10/19,0.004508268,0.000813175
1/11/19,-0.000146354,-0.000651584
1/15/19,0.010664642,-0.001160455
1/16/19,0.002219502,-0.001748446
1/17/19,0.007562783,-0.001355841
1/18/19,0.013096913,-0.002326461
1/23/19,0.002200471,0.000745025
1/24/19,0.001374732,0.00203809
1/25/19,0.008452894,0.001312631
1/29/19,-0.001457271,8.57E-05
1/30/19,0.015429592,0.00014563
1/31/19,0.008560631,0.005932653
2/1/19,0.000898232,-0.002795757
2/5/19,0.004697431,-2.59E-05
2/6/19,-0.002226973,-0.00099212
2/7/19,-0.009401172,0.000379422
2/8/19,0.000676034,0.000293906
2/12/19,0.012807878,-0.000389684
2/13/19,0.003019414,-0.001309018
2/14/19,-0.002655146,0.000877987
2/15/19,0.010819962,0.000304949
2/20/19,0.001775555,0.000312547
2/21/19,-0.003532645,-0.001194407
2/22/19,0.006390624,0.00112482
2/26/19,-0.000790696,0.001562584
2/27/19,-0.00054419,-0.0019202
2/28/19,-0.002829546,-0.001549003
3/1/19,0.006871674,-0.002771045
3/5/19,-0.001132118,-0.000435899
3/6/19,-0.006545491,0.002968817
3/7/19,-0.008158904,0.000987615
3/8/19,-0.002134014,0.001149438
3/12/19,0.002948976,0.002036487
3/13/19,0.006925582,0.001560772
3/14/19,-0.00086842,-0.001189606
3/15/19,0.004972519,0.001752904
3/19/19,-0.000130615,0.000199242
3/20/19,-0.002948666,0.001659608
3/21/19,0.01079405,0.002909203
3/22/19,-0.019156854,0.004374747
3/26/19,0.007157105,-0.002566931
3/27/19,-0.004655199,0.001188005
3/28/19,0.003583117,-0.001373016
3/29/19,0.00671172,-0.001339851
4/2/19,1.74E-05,-0.000776694
4/3/19,0.002146103,-0.000685332
4/4/19,0.002082469,-0.000369591
4/5/19,0.004625684,-0.000504895
4/9/19,-0.006085953,0.001742033
4/10/19,0.003471834,0.001278905
4/11/19,3.81E-05,-0.001181692
4/12/19,0.006587632,-0.002343275
4/16/19,0.000509235,-0.001590989
4/17/19,-0.002276364,-0.000900558
4/18/19,0.00157782,0.000749524
4/24/19,-0.002194192,0.002713206
4/25/19,-0.000369015,-0.002517732
4/26/19,0.004674363,0.002587059
4/30/19,0.000950948,0.002979094
5/1/19,-0.007530413,0.001823372
5/2/19,-0.002126258,-0.003841366
5/3/19,0.009592171,0.001476218
5/8/19,-0.001606671,0.000359116
5/9/19,-0.003026016,0.001735685
5/10/19,0.003713418,0.000551983
5/14/19,0.00798406,-0.002011542
5/15/19,0.005821977,0.001497642
5/16/19,0.00885592,-0.001906232
5/17/19,-0.005854424,-0.000549568
5/21/19,0.008459905,-0.000999578
5/22/19,-0.002828362,0.000755443
5/23/19,-0.011985682,0.004123495
5/24/19,0.00135262,0.002691212
5/29/19,-0.006935956,0.001275778
5/30/19,0.002096241,-0.001402709
5/31/19,-0.013283188,0.006134167
6/4/19,0.021205902,0.000856067
6/5/19,0.008128769,0.002826836
6/6/19,0.00611681,0.001013918
6/7/19,0.010442945,0.005073233
6/11/19,-0.000349938,0.000569695
6/12/19,-0.002039698,6.99E-05
6/13/19,0.004089078,-0.000535381
6/14/19,-0.001612842,-0.000590373
6/18/19,0.009670463,0.003185546
6/19/19,0.00298073,0.001601176
6/20/19,0.009427615,0.00706794
6/21/19,-0.001260026,-0.002632733
6/25/19,-0.009541702,0.001743138
6/26/19,-0.001234746,-0.003651961
6/27/19,0.003815923,0.000404381
6/28/19,0.005740912,0.001954286
7/2/19,0.00292387,0.001320589
7/3/19,0.007643076,0.003903113
7/9/19,0.001235816,-0.001708924
7/10/19,0.004500485,0.000422337
7/11/19,0.002282672,-0.001469979
7/12/19,0.004609499,-0.000548145
7/16/19,-0.003409581,-0.00226768
7/17/19,-0.006552626,0.002829191
7/18/19,0.003575536,0.002065408
7/19/19,-0.00619589,1.28E-05
7/23/19,0.006824165,-0.003175147
7/24/19,0.004677164,0.0018502
7/25/19,-0.005276251,-0.001834195
7/26/19,0.007360474,-0.001900185
7/30/19,-0.002581972,1.57E-05
7/31/19,-0.01094519,0.002635654
8/1/19,-0.009039587,0.00125342
8/2/19,-0.007309385,0.00640073
8/6/19,0.012933014,0.000171389
8/7/19,0.000766596,0.006275274
8/8/19,0.018588426,-0.004072756
8/9/19,-0.00663853,-2.09E-05
8/13/19,0.01465413,-0.002198363
8/14/19,-0.029730363,0.004035293
8/15/19,0.002461237,0.003445206
8/16/19,0.014323116,-0.001982034
8/20/19,-0.007946252,0.002549636
8/21/19,0.008213006,-0.000398447
8/22/19,-0.00050621,-0.002328599
8/23/19,-0.026288936,0.003845407
8/28/19,0.006524141,0.001390762
8/29/19,0.012607435,-0.002390341
8/30/19,0.000642621,-0.00146891
9/4/19,0.010783722,0.001030902
9/5/19,0.012925923,-0.007090192
9/6/19,0.000910204,0.002291604
9/10/19,0.000322266,-0.004876401
9/11/19,0.007203659,-0.002546901
9/12/19,0.002874971,6.10E-05
9/13/19,-0.000724618,-0.004868028
9/17/19,0.002578429,0.00151987
9/18/19,0.000342624,0.003296291
9/19/19,2.00E-05,0.00116746
9/20/19,-0.004907609,-0.001088614
9/24/19,-0.008452012,0.002714917
9/25/19,0.006139679,-0.005033193
9/26/19,-0.002431871,0.000945095
9/27/19,-0.005330508,-0.000555185
10/1/19,-0.01233413,-0.000750363
10/2/19,-0.018065441,0.002933304
10/3/19,0.007940382,0.006542158
10/4/19,0.014116742,0.0003247
10/8/19,-0.015683167,-0.001323523
10/9/19,0.00906335,-0.002186905
10/10/19,0.006395209,-0.003610599
10/11/19,0.010879533,-0.002776915
10/15/19,0.009906435,-0.001436103
10/16/19,-0.002001548,0.000519929
10/17/19,0.002759019,0.002569543
10/18/19,-0.003927046,0.000694499
10/22/19,-0.003575056,0.001355828
10/23/19,0.002843094,0.000197675
10/24/19,0.001918598,0.000477055
10/25/19,0.004064426,-0.002592212
10/29/19,-0.000832742,0.001463453
10/30/19,0.003248048,0.001473428
10/31/19,-0.003027452,0.007682024
11/1/19,0.009615979,-0.000962128
11/5/19,-0.001186434,-0.007026738
11/6/19,0.000702279,0.000777992
11/7/19,0.002726407,-0.006423751
11/8/19,0.002557356,-0.001628475
11/12/19,0.001563398,-0.000696727
11/13/19,0.000711297,0.002838045
11/14/19,0.000836743,0.002320587
11/15/19,0.007666003,0.001306698
11/19/19,-0.000592739,0.000599855
11/20/19,-0.003763266,0.001010287
11/21/19,-0.001584031,-0.000633554
11/22/19,0.002172574,-0.001570674
11/26/19,0.002193123,0.001407888
11/27/19,0.004165779,-0.001290078
12/3/19,-0.006660172,0.006358143
12/4/19,0.006303639,-0.001754766
12/5/19,0.001499152,-0.001091917
12/6/19,0.009094252,-0.00281231
12/10/19,-0.001097555,0.000614829
12/11/19,0.002903981,0.001488832
12/12/19,0.008538608,-0.003723175
12/13/19,7.26E-05,0.004796793
12/17/19,0.000335215,0.000392158
12/18/19,-0.000432354,-0.003063946
12/19/19,0.004449309,-0.00041935
12/20/19,0.004932641,-0.001349174
1/3/20,-0.00708491,0.002736845
1/7/20,-0.002807145,-0.003729136
1/8/20,0.004890437,-0.002155633
1/9/20,0.006633244,-0.002925678
1/10/20,-0.002859307,0.002022324
1/14/20,-0.001515687,0.0004476
1/15/20,0.001868409,0.002891541
1/16/20,0.008331742,-0.000968908
1/17/20,0.003854706,-0.002147363
1/22/20,0.000289046,0.000234133
1/23/20,0.001140314,0.00298829
1/24/20,-0.009083269,0.000877887
1/28/20,0.01000335,-0.002695509
1/29/20,-0.000867223,0.002026039
1/30/20,0.003129454,0.003692392
1/31/20,-0.017864476,0.003653164
2/4/20,0.014869265,-0.004318279
2/5/20,0.011187823,-0.004615305
2/6/20,0.003320129,-0.001498552
2/7/20,-0.005415471,0.002926127
2/11/20,0.001687075,-0.001622828
2/12/20,0.006441868,-0.001927101
2/13/20,-0.001631773,-0.000133867
2/14/20,0.001841845,0.000628222
2/19/20,0.004694789,-0.003448557
2/20/20,-0.00382284,0.000378924
2/21/20,-0.010573815,0.004845777
2/25/20,-0.030747925,0.003766561
2/26/20,-0.003785675,-0.001635118
2/27/20,-0.045168174,0.004079837
2/28/20,-0.00827245,0.008900875
3/3/20,-0.02851053,0.005360515
3/4/20,0.041336351,0.000549636
3/5/20,-0.034510726,0.003729342
3/6/20,-0.017201002,0.01587416
3/10/20,0.048215081,-0.017980204
3/11/20,-0.050102857,-0.004794072
3/12/20,-0.099944852,-0.016854864
3/13/20,0.088808356,-0.013593089
3/17/20,0.058226287,-0.018153366
3/18/20,-0.053222336,-0.022508166
3/19/20,0.004696846,-0.000933739
3/20/20,-0.044327635,0.01015131
3/24/20,0.089683157,0.00041155
3/25/20,0.011468999,-0.000467346
3/26/20,0.060543829,0.01808381
3/27/20,-0.034267808,0.007072012
3/31/20,-0.016142382,-0.005467121
4/1/20,-0.045146329,0.00248787
4/2/20,0.022572696,-0.002972424
4/3/20,-0.01525286,-0.002773252
4/7/20,-0.001604332,0.000174167
4/8/20,0.033489345,0.000142477
4/9/20,0.014383439,0.006272587
4/15/20,-0.022276751,0.000223588
4/16/20,0.005799859,-0.000472731
4/17/20,0.026440929,5.69E-05
4/22/20,0.022671301,-0.00320376
4/23/20,-0.000539564,0.003367855
4/24/20,0.013822111,0.001678703
4/28/20,-0.005256139,0.002720874
4/29/20,0.026236663,0.001614921
4/30/20,-0.009255117,0.00523711
5/1/20,-0.028460221,-0.000108766
5/5/20,0.008999952,-0.002184246
5/6/20,-0.007003873,-0.004765824
5/7/20,0.011438949,0.001199473
5/12/20,-0.020757791,0.003831248
5/13/20,-0.017616956,0.000454635
5/14/20,0.011458918,-0.0001881
5/15/20,0.003918692,-0.001759269
5/19/20,-0.010539757,0.003834273
5/20/20,0.016513934,0.003930802
5/21/20,-0.007803935,-0.001453075
5/22/20,0.002350966,-0.000758115
5/27/20,0.014718493,-0.000229329
5/28/20,-0.002110171,0.003317709
5/29/20,0.004800768,0.003709016
6/2/20,0.008177279,2.81E-05
6/3/20,0.013556655,-0.003051052
6/4/20,-0.003374383,0.000402293
6/5/20,0.025874066,-0.002907146
6/9/20,-0.007829755,0.005357548
6/10/20,-0.005327243,0.002696958
6/11/20,-0.060752759,0.00616644
6/12/20,0.0129763,-0.006735139
6/16/20,0.018784885,-0.002858285
6/17/20,-0.003606796,0.000738498
6/18/20,0.000594012,0.001063829
6/19/20,-0.005665482,-0.001650722
6/23/20,0.004298191,0.003088461
6/24/20,-0.026195279,-0.002091544
6/25/20,0.01089985,-0.001346122
6/26/20,-0.024525217,-0.000315639
6/30/20,0.015292334,-0.001064487
7/1/20,0.005009542,-0.000845853
7/2/20,0.004531002,0.000635901
7/7/20,-0.010877509,0.000175578
7/8/20,0.007797026,0.002447201
7/9/20,-0.005659625,0.001633242
7/10/20,0.010411813,0.001386352
7/14/20,0.013317285,0.002597296
7/15/20,0.009041045,0.000981416
7/16/20,-0.003411918,0.001458909
7/17/20,0.00284459,-0.001730369
7/21/20,0.001677641,0.003521902
7/22/20,0.00573064,0.00422846
7/23/20,-0.012396345,0.001115093
7/24/20,-0.006209631,0.001979217
7/28/20,-0.006494444,-9.61E-05
7/29/20,0.012351783,0.001095092
7/30/20,-0.003757311,0.00318889
7/31/20,0.007641191,8.08E-05
8/4/20,0.003605453,0.003821671
8/5/20,0.006409158,0.003320195
8/6/20,0.006407158,0.000227262
8/7/20,0.000632794,-0.004032516
8/11/20,-0.008001047,-0.005279304
8/12/20,0.013899456,-0.001046466
8/13/20,-0.002049224,-0.001130138
8/14/20,-0.000171947,0.000132306
8/18/20,0.002300729,0.003988309
8/19/20,-0.004414144,-0.001051496
8/20/20,0.003153681,-0.001570453
8/21/20,0.003435229,-0.002117111
8/25/20,0.003589874,-0.004014788
8/26/20,0.010144041,-4.69E-05
8/27/20,0.001671626,-0.003650843
8/28/20,0.006710014,0.00635173
9/2/20,0.015248998,-0.001305528
9/3/20,-0.035757587,0.001117264
9/4/20,-0.008166252,-0.005642902
9/9/20,0.019944799,-0.001193962
9/10/20,-0.01774124,0.001283168
9/11/20,0.000532921,0.000871989
9/15/20,0.005205812,-0.000658329
9/16/20,-0.004629658,0.001193252
9/17/20,-0.008447955,0.000363286
9/18/20,-0.011245565,0.00154389
9/22/20,0.010463014,-0.002159693
9/23/20,-0.024007294,-0.002397747
9/24/20,0.002982954,-0.001588241
9/25/20,0.015850478,-0.000537176
9/29/20,-0.004824245,0.00419141
9/30/20,0.008219834,-0.001100276
10/1/20,0.005278935,0.000146674
10/2/20,-0.009617802,-0.000122538
10/6/20,-0.014086779,-6.55E-06
10/7/20,0.017256047,-0.003287119
10/8/20,0.007975249,0.001392816
10/9/20,0.008752273,0.004002559
10/13/20,-0.00632688,-0.001111866
10/14/20,-0.006645169,0.002364963
10/15/20,-0.001528971,-0.002592712
10/16/20,0.000134919,0.000960115
10/20/20,0.004716138,-0.000334459
10/21/20,-0.002198097,0.002532211
10/22/20,0.005205374,-0.004520779
10/23/20,0.003439866,0.000483515
10/27/20,-0.003030194,0.003788721
10/28/20,-0.035925571,-0.003382265
10/29/20,0.011876501,-0.004614009
10/30/20,-0.012203669,-0.000894622
11/3/20,0.017642761,0.003718581
11/4/20,0.021807517,0.002977974
11/5/20,0.019273263,0.006158041
11/6/20,-0.000287754,0.000333964
11/10/20,-0.001400783,-0.000608422
11/11/20,0.007622761,-0.002572563
11/12/20,-0.010028679,0.006105598
11/13/20,0.013518577,0.001503823
11/17/20,-0.004803476,0.00352393
11/18/20,-0.011631213,0.001385733
11/19/20,0.003938654,-0.000989163
11/20/20,-0.006815716,0.002497609
11/24/20,0.016032508,0.000850068
11/25/20,-0.001585672,0.001477786
12/1/20,0.011208122,-0.002226855
12/2/20,0.001789549,0.000855748
12/3/20,-0.000624341,0.006818185
12/4/20,0.008797424,-0.003013266
12/8/20,0.002783261,0.001301773
12/9/20,-0.007980984,-0.001446927
12/10/20,-0.001285943,0.002332779
12/11/20,-0.001265761,0.001327308